{"epoch": 30, "train_loss": 1.6057181531732732, "train_acc": 0.6821969696969697, "val_loss": 2.5834877233247497, "val_acc": 0.35135135135135137, "epoch_time": 57.42233371734619, "_timestamp": 1725298482.1822186, "_runtime": 1758.149581670761, "_step": 30, "gradients/graph_1fc3.bias": {"_type": "histogram", "values": [1.0, 0.0, 0.0, 0.0, 0.0, 0.0, 1.0, 0.0, 0.0, 1.0, 0.0, 2.0, 1.0, 0.0, 1.0, 0.0, 0.0, 1.0, 1.0, 0.0, 1.0, 0.0, 0.0, 1.0, 2.0, 0.0, 0.0, 0.0, 0.0, 0.0, 2.0, 0.0, 0.0, 2.0, 2.0, 2.0, 3.0, 3.0, 1.0, 1.0, 0.0, 2.0, 1.0, 2.0, 1.0, 2.0, 0.0, 1.0, 0.0, 1.0, 1.0, 1.0, 0.0, 0.0, 0.0, 0.0, 0.0, 0.0, 0.0, 0.0, 0.0, 0.0, 1.0, 1.0], "bins": [-0.037420328706502914, -0.036298252642154694, -0.03517617657780647, -0.03405410051345825, -0.03293202444911003, -0.03180994838476181, -0.03068787232041359, -0.02956579625606537, -0.028443720191717148, -0.027321642264723778, -0.026199566200375557, -0.025077490136027336, -0.023955414071679115, -0.022833338007330894, -0.021711261942982674, -0.020589185878634453, -0.019467109814286232, -0.01834503374993801, -0.01722295768558979, -0.01610088162124157, -0.014978805556893349, -0.013856728561222553, -0.012734652496874332, -0.011612576432526112, -0.01049050036817789, -0.00936842430382967, -0.008246348239481449, -0.007124271709471941, -0.00600219564512372, -0.004880119580775499, -0.003758043283596635, -0.0026359669864177704, -0.0015138909220695496, -0.0003918147413060069, 0.0007302614394575357, 0.0018523376202210784, 0.002974413800984621, 0.004096489865332842, 0.00521856639534235, 0.006340642459690571, 0.007462718524038792, 0.008584794588387012, 0.009706870652735233, 0.010828946717083454, 0.01195102371275425, 0.01307309977710247, 0.014195175841450691, 0.015317251905798912, 0.016439327970147133, 0.017561404034495354, 0.018683480098843575, 0.019805556163191795, 0.020927632227540016, 0.022049708291888237, 0.023171784356236458, 0.02429386042058468, 0.02541593834757805, 0.02653801441192627, 0.02766009047627449, 0.02878216654062271, 0.029904242604970932, 0.031026318669319153, 0.032148394733667374, 0.033270470798015594, 0.034392546862363815]}, "gradients/graph_1fc3.weight": {"_type": "histogram", "values": [2.0, 0.0, 0.0, 0.0, 2.0, 1.0, 2.0, 2.0, 3.0, 8.0, 1.0, 5.0, 3.0, 6.0, 14.0, 8.0, 16.0, 14.0, 16.0, 18.0, 28.0, 39.0, 55.0, 55.0, 66.0, 76.0, 85.0, 130.0, 143.0, 173.0, 218.0, 229.0, 287.0, 14344.0, 3680.0, 835.0, 411.0, 296.0, 164.0, 139.0, 88.0, 66.0, 62.0, 57.0, 25.0, 28.0, 25.0, 19.0, 10.0, 13.0, 10.0, 8.0, 10.0, 6.0, 3.0, 2.0, 3.0, 1.0, 2.0, 1.0, 1.0, 1.0, 0.0, 1.0], "bins": [-0.12025491148233414, -0.11671490222215652, -0.11317490041255951, -0.1096348911523819, -0.10609488189220428, -0.10255487263202667, -0.09901486337184906, -0.09547486156225204, -0.09193485230207443, -0.08839484304189682, -0.0848548412322998, -0.08131483197212219, -0.07777482271194458, -0.07423481345176697, -0.07069480419158936, -0.06715480238199234, -0.06361479312181473, -0.060074783861637115, -0.0565347783267498, -0.05299477279186249, -0.049454763531684875, -0.04591475427150726, -0.04237474873661995, -0.038834743201732635, -0.03529473394155502, -0.03175472468137741, -0.028214719146490097, -0.024674711748957634, -0.02113470435142517, -0.017594696953892708, -0.014054689556360245, -0.010514682158827782, -0.006974667310714722, -0.0034346599131822586, 0.00010534748435020447, 0.0036453548818826675, 0.007185362279415131, 0.010725369676947594, 0.014265377074480057, 0.01780538447201252, 0.021345391869544983, 0.024885399267077446, 0.02842540666460991, 0.03196541219949722, 0.035505421459674835, 0.03904543071985245, 0.04258543625473976, 0.046125441789627075, 0.04966545104980469, 0.0532054603099823, 0.056745465844869614, 0.06028547137975693, 0.06382548063993454, 0.06736548990011215, 0.07090549170970917, 0.07444550096988678, 0.07798551023006439, 0.081525519490242, 0.08506552875041962, 0.08860553056001663, 0.09214553982019424, 0.09568554908037186, 0.09922555088996887, 0.10276556015014648, 0.1063055694103241]}, "gradients/graph_1fc2.bias": {"_type": "histogram", "values": [1.0, 0.0, 0.0, 0.0, 0.0, 0.0, 0.0, 0.0, 1.0, 0.0, 2.0, 1.0, 1.0, 1.0, 0.0, 1.0, 2.0, 0.0, 3.0, 3.0, 2.0, 8.0, 4.0, 5.0, 6.0, 7.0, 10.0, 9.0, 14.0, 8.0, 8.0, 285.0, 10.0, 14.0, 13.0, 11.0, 7.0, 12.0, 8.0, 7.0, 5.0, 7.0, 3.0, 4.0, 5.0, 4.0, 0.0, 2.0, 5.0, 1.0, 3.0, 3.0, 2.0, 1.0, 0.0, 1.0, 0.0, 1.0, 0.0, 0.0, 0.0, 0.0, 0.0, 1.0], "bins": [-0.020537110045552254, -0.019876331090927124, -0.019215552136301994, -0.018554773181676865, -0.017893994227051735, -0.017233215272426605, -0.016572436317801476, -0.015911657363176346, -0.01525087933987379, -0.014590100385248661, -0.013929321430623531, -0.013268542475998402, -0.012607764452695847, -0.011946985498070717, -0.011286206543445587, -0.010625427588820457, -0.009964648634195328, -0.009303869679570198, -0.008643090724945068, -0.007982311770319939, -0.007321533281356096, -0.006660754326730967, -0.005999975837767124, -0.0053391968831419945, -0.004678417928516865, -0.004017638973891735, -0.003356860252097249, -0.002696081530302763, -0.0020353025756776333, -0.0013745237374678254, -0.0007137448992580175, -5.296606104820967e-05, 0.000607810914516449, 0.0012685897527262568, 0.0019293685909360647, 0.0025901473127305508, 0.0032509262673556805, 0.00391170522198081, 0.0045724837109446526, 0.005233262665569782, 0.005894041620194912, 0.006554820574820042, 0.007215599529445171, 0.007876378484070301, 0.008537156507372856, 0.009197935461997986, 0.009858714416623116, 0.010519493371248245, 0.011180272325873375, 0.011841051280498505, 0.012501830235123634, 0.013162609189748764, 0.013823388144373894, 0.014484166167676449, 0.015144945122301579, 0.015805725008249283, 0.016466502100229263, 0.017127281054854393, 0.017788060009479523, 0.018448838964104652, 0.019109617918729782, 0.019770396873354912, 0.02043117582798004, 0.02109195478260517, 0.0217527337372303]}, "gradients/graph_1fc2.weight": {"_type": "histogram", "values": [2.0, 0.0, 2.0, 1.0, 2.0, 0.0, 0.0, 3.0, 2.0, 3.0, 4.0, 10.0, 5.0, 14.0, 11.0, 19.0, 24.0, 28.0, 42.0, 68.0, 77.0, 131.0, 204.0, 327.0, 608.0, 1112.0, 2212.0, 5274.0, 104847.0, 7447.0, 3542.0, 1921.0, 1087.0, 661.0, 414.0, 270.0, 210.0, 144.0, 93.0, 70.0, 54.0, 35.0, 16.0, 21.0, 13.0, 9.0, 7.0, 5.0, 5.0, 6.0, 1.0, 1.0, 2.0, 2.0, 2.0, 0.0, 0.0, 0.0, 0.0, 1.0, 0.0, 0.0, 0.0, 1.0], "bins": [-0.0518885999917984, -0.05007919669151306, -0.04826979339122772, -0.046460386365652084, -0.044650983065366745, -0.042841579765081406, -0.041032176464796066, -0.03922276943922043, -0.03741336613893509, -0.03560396283864975, -0.03379455953836441, -0.03198515623807907, -0.030175751075148582, -0.028366345912218094, -0.026556942611932755, -0.024747537449002266, -0.022938134148716927, -0.021128730848431587, -0.0193193256855011, -0.01750992238521576, -0.01570051722228527, -0.013891113921999931, -0.012081709690392017, -0.010272305458784103, -0.00846290122717619, -0.0066534969955682755, -0.0048440927639603615, -0.003034688998013735, -0.0012252847664058208, 0.0005841193487867713, 0.0023935234639793634, 0.004202927462756634, 0.006012331694364548, 0.007821735925972462, 0.009631140157580376, 0.01144054438918829, 0.013249948620796204, 0.015059351921081543, 0.01686875708401203, 0.01867816038429737, 0.02048756554722786, 0.0222969688475132, 0.024106372147798538, 0.025915777310729027, 0.027725180611014366, 0.029534585773944855, 0.031343989074230194, 0.03315339237451553, 0.03496279567480087, 0.03677220270037651, 0.03858160600066185, 0.04039100930094719, 0.04220041260123253, 0.044009819626808167, 0.045819222927093506, 0.047628626227378845, 0.049438029527664185, 0.051247432827949524, 0.05305683985352516, 0.0548662431538105, 0.05667564645409584, 0.05848504975438118, 0.06029445677995682, 0.06210386008024216, 0.0639132633805275]}, "gradients/graph_1fc1.bias": {"_type": "histogram",